,fecha,tco
0,2026-06-26,9.73
1,2026-06-27,9.73
2,2026-06-28,9.73
3,2026-06-29,9.73
4,2026-06-30,9.76
5,2026-07-01,9.76
6,2026-07-02,9.78
7,2026-07-03,9.8
8,2026-07-04,9.83
9,2026-07-05,9.83
10,2026-07-06,9.83
11,2026-07-07,9.89
12,2026-07-08,9.96
13,2026-07-09,10.1
14,2026-07-10,10.24
15,2026-07-11,10.4
16,2026-07-12,10.4
17,2026-07-13,10.4
18,2026-07-14,10.5
19,2026-07-15,10.7
20,2026-07-16,10.75
21,2026-07-17,10.75
22,2026-07-18,10.85
23,2026-07-19,10.85
24,2026-07-20,10.85
25,2026-07-21,10.9
26,2026-07-22,11.0
27,2026-07-23,11.13
28,2026-07-24,11.21
29,2026-07-25,11.37
30,2026-07-26,11.37
31,2026-07-27,11.37
32,2026-07-28,11.54
33,2026-07-29,11.8
34,2026-07-30,11.89
35,2026-07-31,12.15
36,2026-08-01,12.13
37,2026-08-02,12.13
38,2026-08-03,12.13
39,2026-08-04,12.08
40,2026-08-05,12.02
41,2026-08-06,11.86
42,2026-08-07,11.86
43,2026-08-08,11.86
44,2026-08-09,11.86
45,2026-08-10,11.86
46,2026-08-11,11.77
47,2026-08-12,11.71
48,2026-08-13,11.66
49,2026-08-14,11.62
50,2026-08-15,11.58
51,2026-08-16,11.58
52,2026-08-17,11.58
53,2026-08-18,11.55
54,2026-08-19,11.52
55,2026-08-20,11.52
56,2026-08-21,11.52
57,2026-08-22,11.5
58,2026-08-23,11.5
59,2026-08-24,11.5
60,2026-08-25,11.54
61,2026-08-26,11.57
62,2026-08-27,11.71
63,2026-08-28,11.83
64,2026-08-29,11.92
65,2026-08-30,11.92
66,2026-08-31,11.92
67,2026-09-01,12.12
68,2026-09-02,12.26
69,2026-09-03,12.32
70,2026-09-04,12.45
71,2026-09-05,12.58
72,2026-09-06,12.58
73,2026-09-07,12.58
74,2026-09-08,12.6
75,2026-09-09,12.64
76,2026-09-10,12.42
77,2026-09-11,12.04
78,2026-09-12,11.53
79,2026-09-13,11.53
80,2026-09-14,11.53
81,2026-09-15,10.99
82,2026-09-16,10.15
83,2026-09-17,9.83
84,2026-09-18,10.01
85,2026-09-19,11.0
86,2026-09-20,11.0
87,2026-09-21,11.0
88,2026-09-22,11.9
89,2026-09-23,12.06
90,2026-09-24,12.26
91,2026-09-25,12.22
92,2026-09-26,12.05
93,2026-09-27,12.05
94,2026-09-28,12.05
95,2026-09-29,12.02
96,2026-09-30,12.02
97,2026-10-01,12.0
98,2026-10-02,11.9
99,2026-10-03,12.0
100,2026-10-04,12.0
101,2026-10-05,12.0
102,2026-10-06,11.974
